episode,reward,loss,epsilon
1,-155.9735638089679,0.0,0.995
2,-170.72764221923325,0.0,0.990025
3,-33.39629766199879,0.0,0.985074875
4,-184.50376109666385,0.0,0.9801495006250001
5,-363.3745642630188,0.0,0.9752487531218751
6,-98.58176651598964,0.0,0.9703725093562657
7,-266.17937382497416,0.0,0.9655206468094844
8,-123.38889362128509,0.0,0.960693043575437
9,-103.31174795703336,0.0,0.9558895783575597
10,-109.43080986106341,0.0,0.9511101304657719
11,-140.1157710949655,2.9055782006337094,0.946354579813443
12,-129.693370696999,2.0682762945202033,0.9416228069143757
13,-93.80178147316136,1.7560436614306576,0.9369146928798039
14,-122.75614334329349,1.7876874095562734,0.9322301194154049
15,-293.3575453445172,1.727041898876108,0.9275689688183278
16,-132.22792209615022,1.5414370951744227,0.9229311239742362
17,-191.5554288215963,1.6045520073109931,0.918316468354365
18,-102.34620777797733,1.5484410658478738,0.9137248860125932
19,-128.36651165176522,1.591835218999121,0.9091562615825302
20,-109.45844760685893,1.502150459565978,0.9046104802746175
21,-250.7106873486789,1.5310927488737636,0.9000874278732445
22,-97.8449533760519,1.5716384084895254,0.8955869907338783
23,-200.82787004109406,1.6090371224683584,0.8911090557802088
24,-79.79302636158486,1.4811867777948027,0.8866535105013078
25,-111.77080857716247,1.4390766090255673,0.8822202429488013
26,-107.36697448960973,1.3686297423052556,0.8778091417340573
27,-191.4303076432018,1.27009380091955,0.8734200960253871
28,-22.76926953480222,1.5256438137486923,0.8690529955452602
29,-101.36060042221965,1.3576041503438672,0.8647077305675338
30,-126.36841239131755,1.3979962395161998,0.8603841919146962
31,-119.60808735755614,1.3245420420328073,0.8560822709551227
32,107.9959834163326,1.5351415338665246,0.851801859600347
33,-85.0574000867287,1.607842808616334,0.8475428503023453
34,-174.98909003635973,1.733241339524587,0.8433051360508336
35,-162.91323728431755,1.5334018770750466,0.8390886103705794
36,-106.37276157548244,1.6048628081878027,0.8348931673187264
37,-120.01171404372185,1.5883015439365848,0.8307187014821328
38,-91.23393854194593,1.5520249250229825,0.8265651079747222
39,18.49201727785396,1.561997846666589,0.8224322824348486
40,-127.70415197694436,1.5851474399952328,0.8183201210226743
41,-10.853247283361128,1.5161369496583939,0.8142285204175609
42,-40.488699902989964,1.4863302959609277,0.810157377815473
43,-99.00080549608967,1.5591792558992146,0.8061065909263957
44,-82.7339917169429,1.6875587636177694,0.8020760579717637
45,-54.774916908977275,1.6222079651136148,0.798065677681905
46,-30.55227467324518,1.639567189175507,0.7940753492934954
47,-67.01922191142276,1.6887725926935673,0.7901049725470279
48,-21.36559069119457,1.5390998075405757,0.7861544476842928
49,-78.98528899053774,1.5772944143840244,0.7822236754458713
50,-109.59233432484935,1.407637731921404,0.778312557068642
51,-101.9063019670285,1.5255816772861301,0.7744209942832988
52,-80.10504618698339,1.5963547341525555,0.7705488893118823
53,-64.27161465592903,1.7234161118514666,0.7666961448653229
54,-108.02191541307184,1.5968860679299293,0.7628626641409962
55,-99.62452583887475,1.5495238900184631,0.7590483508202912
56,-95.84173091486574,1.6035433403319783,0.7552531090661897
57,-77.43527868280299,1.5455100008352536,0.7514768435208588
58,-123.06241049718585,1.5545453281506247,0.7477194593032545
59,-52.21245223740341,1.482561926493484,0.7439808620067382
60,-96.45349148277047,1.4018441257067025,0.7402609576967045
61,-41.51171943128999,1.6355197408864663,0.736559652908221
62,-110.13447669866203,1.4945761469694285,0.7328768546436799
63,-80.84495294312411,1.421136766171255,0.7292124703704616
64,-99.04534319527319,1.5362243714270654,0.7255664080186093
65,-35.85937719793493,1.5011527395411715,0.7219385759785162
66,-89.53974823550853,1.630806982351674,0.7183288830986236
67,-34.0304033375248,1.6185709865469682,0.7147372386831305
68,-83.89796327106154,1.3635392966223698,0.7111635524897149
69,-117.83420779327827,1.404604839479051,0.7076077347272662
70,20.068058604319774,1.5642097097290448,0.7040696960536299
71,-66.81839072340784,1.577447530524484,0.7005493475733617
72,-82.28621814515688,1.4934086631326113,0.697046600835495
73,-19.61016490794391,1.484442963872267,0.6935613678313175
74,-209.63942288782442,1.5453391673509032,0.6900935609921609
75,-73.74835122020292,1.470132140985018,0.6866430931872001
76,-49.240921511572424,1.3855386360415392,0.6832098777212641
77,-35.91898090994408,1.4032650294303894,0.6797938283326578
78,-33.73274492484151,1.3781830792917924,0.6763948591909945
79,-121.04845542063875,1.451839735751511,0.6730128848950395
80,-50.93190144008244,1.460755005478859,0.6696478204705644
81,-34.81883499017894,1.6950076566292689,0.6662995813682115
82,-91.21864853051946,1.5539410254101695,0.6629680834613705
83,-59.548660752035865,1.4769095426256007,0.6596532430440636
84,-86.61154186448564,1.3760559288294691,0.6563549768288433
85,-67.36263894147447,1.3741772477026586,0.653073201944699
86,-32.56509801985658,1.3599860856775194,0.6498078359349755
87,-180.43235564115844,1.4217009034789638,0.6465587967553006
88,-25.084206837154937,1.5124767557861878,0.6433260027715241
89,-23.71368803494903,1.7296864039757673,0.6401093727576664
90,-173.41144055442325,1.4541597405741038,0.6369088258938781
91,105.36369765753409,1.4742516862154007,0.6337242817644086
92,-38.182344360227574,1.3400861374577697,0.6305556603555866
93,-28.765736457391554,1.3776802619931046,0.6274028820538087
94,-49.817124471249244,1.4259443890373662,0.6242658676435396
95,-53.799699002014606,1.3753070663660765,0.6211445383053219
96,-27.298774132286226,1.3234824876664049,0.6180388156137953
97,13.305018379283936,1.3882312411112143,0.6149486215357263
98,-85.59331560824637,1.4818008933981803,0.6118738784280476
99,-105.91906018251395,1.3004823587834835,0.6088145090359074
100,0.4818675829570225,1.343506980134595,0.6057704364907278
101,-27.198849943281132,1.276734735255372,0.6027415843082742
102,-61.652871628946954,1.449399128333846,0.5997278763867329
103,-25.8388687709528,1.268273348962107,0.5967292370047992
104,-9.66915523519306,1.3423459327721095,0.5937455908197752
105,-53.91644253951493,1.406118391547352,0.5907768628656763
106,-114.31022111784849,1.4644807488113254,0.5878229785513479
107,-53.70001450169808,1.2794311985256166,0.5848838636585911
108,-63.91520714704609,1.2366988273655497,0.5819594443402982
109,-111.25528036314807,1.3265926091631581,0.5790496471185967
110,-33.879538835165235,1.2972094770400755,0.5761543988830038
111,-75.21159805349635,1.3127136097382044,0.5732736268885887
112,-74.81958641981821,1.2481462018056348,0.5704072587541458
113,-43.31797735252762,1.302728798018386,0.567555222460375
114,-195.32390471938862,1.3040429510328235,0.5647174463480732
115,-1.6881720258339072,1.2659346276805514,0.5618938591163328
116,29.611009917706838,1.29588806752331,0.5590843898207511
117,83.91113365561851,1.2491237888336182,0.5562889678716474
118,-10.311365309094981,1.1863224856329686,0.5535075230322891
119,-21.41634443603681,1.2375508239774993,0.5507399854171277
120,-52.98922491948695,1.1883358878508052,0.547986285490042
121,-54.14526857803395,1.269356227822994,0.5452463540625918
122,-44.619339033119246,1.234981053352356,0.5425201222922789
123,-69.78583843767262,1.2303113548085094,0.5398075216808175
124,-34.017503153148866,1.1800585227073543,0.5371084840724134
125,-21.16763947229009,1.1423634394471134,0.5344229416520513
126,-59.48235970529018,1.225165689761719,0.531750826943791
127,-98.19978313452329,1.253585434705019,0.5290920728090721
128,-32.26837503473551,1.200568511693374,0.5264466124450268
129,-84.08464700070017,1.263998751780566,0.5238143793828016
130,-65.73654074356058,1.263717925786972,0.5211953074858876
131,-25.502499131714643,1.2362294244857235,0.5185893309484582
132,-38.18996489848409,1.1398674774737585,0.5159963842937159
133,-119.84589230664848,1.2764961339590204,0.5134164023722473
134,-44.989702368425995,1.2057610002697492,0.510849320360386
135,16.388079629338264,1.1451613482699465,0.5082950737585841
136,-73.79690438493316,1.2126481206449744,0.5057535983897912
137,-8.024081040802937,1.2290642391443252,0.5032248303978422
138,77.08931109149714,1.2139555372297763,0.500708706245853
139,-55.071152658266655,1.2197102841035818,0.4982051627146237
140,-50.213206680155594,1.2338192896583142,0.49571413690105054
141,-110.55064475444358,1.3070395008875773,0.4932355662165453
142,-60.93446994854967,1.1846640898687084,0.4907693883854626
143,-45.68332252208057,1.1142389863729476,0.4883155414435353
144,-32.531763628109516,1.1632753468780632,0.4858739637363176
145,-93.92237319927783,1.2194094996746272,0.483444593917636
146,-75.01194489423708,1.1901293941486029,0.4810273709480478
147,-31.32603981580192,1.270329071324447,0.47862223409330756
148,-114.53901459542183,1.1978598799423081,0.47622912292284103
149,-38.360509224489036,1.182936513039912,0.4738479773082268
150,116.18715262439696,1.184801331013441,0.47147873742168567
151,17.75351987658513,1.1674836903226142,0.46912134373457726
152,70.8012847335705,1.1842002668082714,0.46677573701590436
153,-61.180149920695776,1.19864947405182,0.46444185833082485
154,-175.7890978895427,1.126627758445759,0.46211964903917074
155,7.023642086405019,1.1536908913043238,0.4598090507939749
156,31.969852446154995,1.1753881258070469,0.457510005540005
157,12.516123950100308,1.135282025887416,0.45522245551230495
158,43.01950708888822,1.2334427362535059,0.4529463432347434
159,41.46378019084429,1.1627631111085908,0.4506816115185697
160,-14.281122008462106,1.1451877426160009,0.4484282034609769
161,-37.83266494180489,1.2386724743270134,0.446186062443672
162,-5.988193036849822,1.1423494084629902,0.4439551321314536
163,-11.39469423461415,1.1823509847306457,0.4417353564707963
164,-14.703731829481768,1.2179450748058467,0.43952667968844233
165,-20.776565530468105,1.1362651825249195,0.43732904629000013
166,77.68493687719378,1.1687667745649815,0.4351424010585501
167,-54.984894357216525,1.1131581999723195,0.43296668905325736
168,-19.49565957672091,1.2257091001403042,0.43080185560799106
169,-28.19994281891988,1.2022267106011157,0.4286478463299511
170,12.425469685912493,1.1938732281327247,0.42650460709830135
171,105.3075888001538,1.1886249894201755,0.42437208406280985
172,123.45439977458672,1.1634792757630348,0.4222502236424958
173,-32.98690816846742,1.086571044994123,0.42013897252428334
174,-55.34527830977523,1.2124875485002995,0.4180382776616619
175,51.17696006762141,1.2312980123460293,0.4159480862733536
176,-11.818051047642811,1.1778049918876332,0.41386834584198684
177,31.48680139421893,1.127153421970124,0.4117990041127769
178,-17.5650764502506,1.3251812276483952,0.40974000909221303
179,129.24041503343335,1.2169283331930638,0.40769130904675194
180,97.85900911976147,1.2256098829507829,0.40565285250151817
181,-46.78815553495662,1.27441322673922,0.4036245882390106
182,112.28804608861853,1.1993184528946876,0.4016064652978155
183,136.3087439741913,1.2084143161177636,0.3995984329713264
184,119.059102144244,1.238654754281044,0.3976004408064698
185,26.33197349340091,1.219905235171318,0.39561243860243744
186,53.24916677871758,1.2536077771776466,0.3936343764094253
187,44.46299478379652,1.248451812327772,0.39166620452737816
188,85.11292812549662,1.2817811006903648,0.3897078735047413
189,100.67855615401116,1.2656158468425274,0.3877593341372176
190,-4.700647878069631,1.2855900133458467,0.3858205374665315
191,-13.627654710189205,1.3334992134242976,0.38389143477919885
192,-3.791060465368994,1.2590592478215694,0.3819719776053028
193,-30.756274624053262,1.3790340152653782,0.3800621177172763
194,-20.376954181421297,1.2225365771547607,0.37816180712868996
195,-72.91939811558989,1.331544403971872,0.37627099809304654
196,-37.75488576640457,1.2817090148887327,0.3743896431025813
197,22.139915206282765,1.2396877576581766,0.37251769488706843
198,-49.24500121233578,1.2255137824493907,0.3706551064126331
199,4.419412173274921,1.2665803144543857,0.36880183088056995
200,19.915132024677902,1.2873814232581484,0.3669578217261671
201,1.5010464831703558,1.2300633166590307,0.36512303261753626
202,21.477756846698,1.3384021648338862,0.3632974174544486
203,-146.04999744031142,1.2795362600258418,0.3614809303671764
204,-271.5548546815906,1.4098859940145663,0.3596735257153405
205,-27.171385309205263,1.4061744470681463,0.3578751580867638
206,-4.747313061499071,1.487910307487663,0.35608578229633
207,113.47178040477048,1.4087719276249409,0.3543053533848483
208,-10.890542417877517,1.44302143779397,0.35253382661792404
209,141.7419527542367,1.3855520861446857,0.3507711574848344
210,-127.25878196277338,1.35852176473604,0.34901730169741024
211,18.82953912829234,1.4275132294358879,0.3472722151889232
212,17.134068887719238,1.31216834450877,0.3455358541129786
213,129.10371533843158,1.4481550308763982,0.3438081748424137
214,144.42309648626144,1.4390239564776421,0.3420891339682016
215,-173.8508335696062,1.4570963245741329,0.3403786882983606
216,-11.274919533389337,1.381584178757023,0.3386767948568688
217,126.05883647811989,1.4405925478935242,0.33698341088258443
218,250.1637420618778,1.4606460361908644,0.3352984938281715
219,-27.411616127125242,1.3193896662475717,0.33362200135903064
220,120.10927461826553,1.4451083272099494,0.33195389135223546
221,129.2035234880062,1.4206567985713483,0.3302941218954743
222,-13.585784724761425,1.4077182578784164,0.32864265128599696
223,137.77105548423756,1.4525463326573371,0.326999438029567
224,-61.74447748327563,1.5295828237783078,0.3253644408394192
225,-11.207387732812634,1.3576463181360634,0.3237376186352221
226,-48.61354735214293,1.46062496414891,0.322118930542046
227,53.66291074083552,1.485979174643755,0.32050833588933575
228,137.95219699518023,1.4442928285300731,0.31890579420988907
229,136.79366498471617,1.4380745929181575,0.3173112652388396
230,-0.879958852242666,1.472400429225204,0.3157247089126454
231,20.564914259001938,1.4247882591826575,0.3141460853680822
232,49.78833702661272,1.4279760103821755,0.3125753549412418
233,-52.4682098933753,1.447170097798109,0.31101247816653554
234,120.31752299902742,1.4485668193101884,0.30945741577570285
235,101.17015943812785,1.4083104554116725,0.3079101286968243
236,110.60982167774365,1.4191954303085803,0.3063705780533402
237,23.86316700115185,1.4943680800859211,0.30483872516307353
238,11.751582822297237,1.3722157551348209,0.3033145315372582
239,-10.82573294059933,1.4481228738725185,0.3017979588795719
240,143.9113251780633,1.3941643895804883,0.30028896908517405
241,141.47310928926595,1.3912171067297459,0.2987875242397482
242,171.2439374301316,1.4225003142654895,0.29729358661854943
243,-22.33831680261966,1.3118970485499306,0.29580711868545667
244,248.6167639522107,1.3261386280499616,0.2943280830920294
245,-31.456566239465662,1.3756029743254186,0.29285644267656924
246,141.72011309696612,1.4474257198274136,0.2913921604631864
247,23.07764998575988,1.3722112169265748,0.28993519966087045
248,-43.628416362353704,1.375911804078852,0.2884855236625661
249,123.85905511498693,1.3869653851687909,0.28704309604425327
250,23.22087595173423,1.3281336782440063,0.285607880564032
251,55.123837022550816,1.378566141248843,0.28417984116121187
252,41.831485057121654,1.4027889289855957,0.2827589419554058
253,148.01613028938414,1.3713277334272862,0.28134514724562876
254,22.739726586891692,1.3955644157528877,0.2799384215094006
255,41.430238698258336,1.258617493013541,0.27853872940185365
256,-228.42390684946997,1.3478712452904844,0.27714603575484437
257,113.94198246625749,1.3657538740038873,0.2757603055760701
258,169.25168562992582,1.3312194107174873,0.2743815040481898
259,-24.386770687248365,1.3602629673480988,0.2730095965279488
260,67.8687106882409,1.3189041293329662,0.27164454854530906
261,-264.1149994384464,1.3267948394411067,0.2702863258025825
262,10.554741109134966,1.381906879575629,0.2689348941735696
263,156.58665581107675,1.325700671941042,0.26759021970270175
264,151.81173712563287,1.331316389143467,0.2662522686041882
265,156.94141835870468,1.296610550761223,0.2649210072611673
266,143.21944710803302,1.2836786116063594,0.26359640222486147
267,163.43161525258384,1.2454155758321286,0.26227842021373715
268,3.516711958122116,1.2149369198720432,0.2609670281126685
269,146.38275561135669,1.2920789668262005,0.25966219297210513
270,89.45823447344772,1.2169475260972977,0.2583638820072446
271,-51.38139914350014,1.2849973254203797,0.2570720625972084
272,140.35925582721234,1.2365848286747931,0.25578670228422234
273,140.6146234693458,1.2277669677138328,0.25450776877280124
274,269.00770544484163,1.2555315944261929,0.2532352299289372
275,9.139002301849175,1.2549521048379138,0.2519690537792925
276,89.0644374106807,1.270521991223097,0.2507092085103961
277,173.45419324121448,1.2455899715423584,0.2494556624678441
278,140.93014221127308,1.239454618960619,0.24820838415550486
279,78.6860980732263,1.2076263770163058,0.24696734223472733
280,141.57925078360157,1.1818285809606315,0.2457325055235537
281,112.81754630629038,1.170959991812706,0.24450384299593592
282,116.58735668044297,1.1666876231878995,0.24328132378095624
283,178.81566155474724,1.197821372717619,0.24206491716205145
284,118.10463541164879,1.1251156385540961,0.2408545925762412
285,31.818633916439296,1.2339862717736152,0.23965031961336
286,0.29497755415465576,1.0274623829733442,0.2384520680152932
287,-29.459380355614456,1.1069489336311817,0.23725980767521673
288,242.2838696877544,1.0692939118373614,0.23607350863684065
289,68.94993954918591,1.067429520726204,0.23489314109365644
290,219.05743629488256,1.0233756603290702,0.23371867538818816
291,-8.29005966885586,0.9458554498851299,0.23255008201124722
292,-11.081418214120921,1.0051124108582734,0.231387331601191
293,28.080422439935035,1.1495916930111971,0.23023039494318503
294,8.083274412981057,1.0124705838263035,0.2290792429684691
295,37.110815249686425,1.0169201999902726,0.22793384675362674
296,145.66991868947787,1.0387426543980838,0.22679417751985861
297,123.61371736276362,0.9806244011819363,0.22566020663225933
298,167.5958350783494,1.028372756406665,0.22453190559909803
299,124.32298609691213,0.9685997078418732,0.22340924607110255
300,31.11885823276512,1.045335061275042,0.22229219984074702
301,133.28802583763246,0.9550598776638508,0.2211807388415433
302,137.5599538322759,0.9216581543833018,0.22007483514733558
303,241.65199153558353,0.9297987603407442,0.2189744609715989
304,134.8256996713016,0.916903671786189,0.2178795886667409
305,235.30907848054642,0.8916901589080851,0.2167901907234072
306,152.09353744568614,0.9398641090095043,0.21570623976979014
307,3.2944095147994217,0.9151847829073667,0.21462770857094118
308,172.09725876756897,0.8972678946703673,0.21355457002808648
309,19.383553522256094,0.7968297271998888,0.21248679717794605
310,144.30064625986213,0.8777839360386133,0.21142436319205632
311,155.46469992552855,0.8900407903492451,0.21036724137609603
312,141.24961163183895,0.8574072408527136,0.20931540516921554
313,100.67765005713072,0.8654794738590718,0.20826882814336947
314,140.08698123761317,0.875542059212923,0.20722748400265262
315,113.8283762742172,0.8350620684474707,0.20619134658263935
316,100.33789377889006,0.8273731980323792,0.20516038984972615
317,1.2606245842075765,0.7657054875873857,0.2041345879004775
318,161.7015208588828,0.8338556517362594,0.2031139149609751
319,21.76535946864297,0.8411024301189237,0.20209834538617025
320,262.0258631958748,0.7981314751098982,0.2010878536592394
321,254.6964689558897,0.8200913817691867,0.2000824143909432
322,141.14712130207164,0.7826642443537712,0.19908200231898848
323,273.52264173236364,0.807091240618439,0.19808659230739353
324,11.64726541511547,0.7106926835718609,0.19709615934585656
325,163.290522954582,0.7656172835975885,0.19611067854912728
326,99.59487696909605,0.7843814242780208,0.19513012515638165
327,60.476275459127294,0.7356356166560074,0.19415447453059972
328,185.45978009971452,0.7812438168227672,0.19318370215794672
329,207.90684846539824,0.7907295245558593,0.192217783647157
330,113.5467771431691,0.7210839417129755,0.1912566947289212
331,155.14432506212708,0.7416975170969963,0.1903004112552766
332,3.4400977667617525,0.7234706811525009,0.18934890919900021
333,136.3259065911831,0.6952426511198282,0.18840216465300522
334,133.71339981104927,0.7336987826228142,0.18746015382974018
335,116.35092921646698,0.682277103766799,0.1865228530605915
336,268.9918996179097,0.7014926264089518,0.18559023879528855
337,161.12761798956052,0.7317927882224321,0.1846622876013121
338,16.354274128998824,0.7623887246785065,0.18373897616330553
339,36.12036384283289,0.6879391510887901,0.182820281282489
340,82.88250249898826,0.6986484787613153,0.18190617987607657
341,241.88396545757678,0.6903942037989774,0.18099664897669618
342,138.13164294125215,0.7060887972116471,0.1800916657318127
343,234.29477068765007,0.6279033955680319,0.17919120740315364
344,180.61308522096547,0.6865577313926865,0.17829525136613786
345,240.6657520703119,0.640671025561115,0.17740377510930716
346,300.7775566488874,0.7062136565141801,0.17651675623376062
347,227.0495318414065,0.6227008719695981,0.1756341724525918
348,110.2657333951865,0.6236027503237128,0.17475600159032884
349,165.80968788598338,0.5932105586901307,0.17388222158237718
350,253.7675757483891,0.5726847138457698,0.1730128104744653
351,88.21101534550395,0.603007426418364,0.17214774642209296
352,290.4907480896079,0.5954467547389696,0.1712870076899825
353,232.6721799257694,0.5977417812363742,0.17043057265153258
354,110.04839263997219,0.5985080329477787,0.16957841978827493
355,229.42740138720367,0.6051216380665927,0.16873052768933355
356,253.58715534199163,0.6248841699728197,0.1678868750508869
357,123.18270523578451,0.5941205572038889,0.16704744067563246
358,11.14987705914271,0.5421113812748124,0.1662122034722543
359,133.41057105707264,0.580175970196724,0.16538114245489302
360,272.81960408484593,0.5727027406872705,0.16455423674261854
361,-22.046015110173872,0.5934215930402279,0.16373146555890544
362,-47.74305522713319,0.5745738170370459,0.16291280823111093
363,-47.52127105769527,0.5357943304628133,0.16209824418995536
364,116.92199972170239,0.5230274931415916,0.16128775296900558
365,157.8552285364711,0.5162455186322331,0.16048131420416054
366,154.3008154943218,0.49189699690043925,0.15967890763313974
367,127.7186126975036,0.47578555876761675,0.15888051309497406
368,-18.29920791060522,0.4865881570360877,0.1580861105294992
369,170.71733771943065,0.4603378555253148,0.1572956799768517
370,166.56903461575658,0.4963704347461462,0.15650920157696743
371,128.97296542541167,0.4915705433562398,0.1557266555690826
372,6.8439343763736815,0.5084728098967496,0.1549480222912372
373,265.0209646117328,0.4824168950507913,0.15417328217978102
374,229.26625766210165,0.4714390747820649,0.1534024157688821
375,-111.80736651078007,0.44201280356990913,0.1526354036900377
376,243.5273566750521,0.48073122824109443,0.1518722266715875
377,256.09063240944494,0.48652817275036464,0.15111286553822956
378,275.56324615943856,0.4996720919361362,0.15035730121053842
379,266.99389409656453,0.46125922650320544,0.14960551470448571
380,259.460645451706,0.4820277758074254,0.14885748713096328
381,38.586986281549656,0.4858839843954359,0.14811319969530845
382,166.9302335654605,0.4777065626010299,0.1473726336968319
383,24.796724186115398,0.46854264920949934,0.14663577052834775
384,214.6652174406334,0.4691118101600433,0.14590259167570602
385,284.15673737365,0.41397116986886123,0.1451730787173275
386,136.74740535326688,0.470743998400867,0.14444721332374086
387,80.63945398946743,0.439760081961751,0.14372497725712216
388,141.94844251218467,0.47225761684355233,0.14300635237083656
389,169.17757168630445,0.4469669014774263,0.14229132060898236
390,263.52281879459315,0.44853580076820576,0.14157986400593744
391,156.2837324481497,0.44231881334632633,0.14087196468590776
392,254.89743656264173,0.42278140035347167,0.14016760486247823
393,276.0801756895197,0.463284315101125,0.13946676683816583
394,171.90210827509642,0.43063510103151204,0.138769433003975
395,45.2093595733391,0.3736675153048629,0.13807558583895513
396,43.1940173086941,0.4250707103628812,0.13738520790976036
397,270.00400282117295,0.4413157465717929,0.13669828187021155
398,256.45261835153275,0.46247261832196424,0.13601479046086049
399,241.0177116298062,0.44813025629075315,0.1353347165085562
400,22.128204867248,0.4581651262138501,0.1346580429260134
401,261.5884585770974,0.4373727966420251,0.13398475271138335
402,139.68629691783207,0.4338254128023982,0.13331482894782642
403,290.7942940935857,0.40066874457537666,0.13264825480308728
404,254.41415492737616,0.4277269575398594,0.13198501352907185
405,276.9634341267491,0.43754617097477116,0.1313250884614265
406,245.41076608999023,0.429992058974819,0.13066846301911936
407,153.36250377092566,0.42979014056921006,0.13001512070402377
408,249.00263387842224,0.4090829005017299,0.12936504510050365
409,287.4376662763151,0.4076255602183445,0.12871821987500112
410,289.807375817478,0.4339496844771261,0.12807462877562611
411,280.6721936341204,0.4420928368739274,0.12743425563174798
412,261.0066776180443,0.4148927114813189,0.12679708435358925
413,222.69024148060322,0.3821448945888766,0.1261630989318213
414,136.829554503932,0.39307461867854,0.1255322834371622
415,280.7353353581612,0.3816703940997988,0.12490462201997637
416,285.6523234183319,0.37193595297649296,0.1242800989098765
417,233.89415618646504,0.39692242065150485,0.12365869841532712
418,44.0632812949064,0.3558008316502297,0.12304040492325048
419,261.4658783788303,0.3792066566792189,0.12242520289863423
420,231.4373392028648,0.3991579825138981,0.12181307688414106
421,271.99798186551754,0.36336094533513397,0.12120401149972035
422,178.1426964184802,0.3815127232670784,0.12059799144222175
423,250.53100583039938,0.3728848311664729,0.11999500148501063
424,276.0647183332612,0.3930632218523601,0.11939502647758558
425,235.15374806140667,0.36232214242219923,0.11879805134519765
426,170.02177685141797,0.3643110553696752,0.11820406108847166
427,164.40140714131277,0.36645634846016767,0.1176130407830293
428,253.69711225613113,0.3747876665444784,0.11702497557911415
429,228.55422334670465,0.3723352280630556,0.11643985070121858
430,307.27591029937446,0.3650234756387875,0.11585765144771248
431,143.5416404401763,0.37829597340151666,0.11527836319047392
432,265.603751722143,0.3560436962435216,0.11470197137452155
433,246.34942436885183,0.368458923375742,0.11412846151764894
434,275.6459874581004,0.3427293666631636,0.1135578192100607
435,124.88797702775372,0.36157209603860974,0.11299003011401039
436,53.90754427749113,0.37721895714375103,0.11242507996344034
437,262.493904159401,0.35272612173795165,0.11186295456362313
438,250.98208935409718,0.33893570585274385,0.11130363979080501
439,245.80317765463576,0.35196611377896303,0.11074712159185099
440,271.72700050269293,0.35569104780068345,0.11019338598389174
441,178.78601300794742,0.3460502595156431,0.10964241905397228
442,273.79585302138184,0.35511462116067394,0.10909420695870241
443,276.1640814024656,0.343106916436813,0.1085487359239089
444,286.79229621246196,0.32280222399205694,0.10800599224428936
445,65.17666860234777,0.3106196028143168,0.10746596228306791
446,270.6813863968298,0.3338358082616602,0.10692863247165257
447,240.95028613039892,0.3181419057392441,0.1063939893092943
448,282.80316182840363,0.31827054500492435,0.10586201936274783
449,282.13788510125534,0.32939565196129433,0.10533270926593409
450,296.5195692609923,0.32326681193736223,0.10480604571960442
451,282.9362620466187,0.29687361159739784,0.1042820154910064
452,267.7181974781596,0.33080378891963536,0.10376060541355137
453,207.90609125856022,0.333037912256687,0.1032418023864836
454,295.40507873918693,0.32649435195446813,0.10272559337455119
455,34.34683479133517,0.353516455180943,0.10221196540767843
456,263.7932031032297,0.3327382443837388,0.10170090558064004
457,135.85436323536058,0.3305957553833723,0.10119240105273684
458,231.7221837483805,0.33524877171664214,0.10068643904747315
459,157.2783545025922,0.3315409180112183,0.10018300685223579
460,273.24560085999815,0.34896933295816746,0.0996820918179746
461,316.80707685318606,0.33933734687121764,0.09918368135888474
462,247.39286650754298,0.3163807062493459,0.09868776295209031
463,1.9789074435858964,0.2928492301341259,0.09819432413732986
464,298.37907740318474,0.30051702308363815,0.09770335251664321
465,292.2363164893085,0.3268696190789342,0.09721483575406
466,282.1389935661834,0.3354845680399472,0.09672876157528969
467,254.90831053459436,0.32017160869909056,0.09624511776741324
468,254.5829154411316,0.3324020855261811,0.09576389217857617
469,171.45010994783593,0.3357560032270849,0.09528507271768329
470,283.87635092025414,0.3410975761686169,0.09480864735409487
471,125.58419622692364,0.3200517570078373,0.0943346041173244
472,266.05153828412347,0.31385514193347525,0.09386293109673778
473,290.9036962316613,0.3281952192731887,0.09339361644125409
474,298.46483687077745,0.32540686734641594,0.09292664835904782
475,29.951236234746204,0.31688992272723804,0.09246201511725258
476,249.14671072829242,0.3320311679144126,0.09199970504166631
477,122.34791181069353,0.33375427950173614,0.09153970651645797
478,275.54852772229066,0.3394666460600305,0.09108200798387568
479,248.86181423507406,0.37241264892475945,0.0906265979439563
480,299.9487345696668,0.3431511308930137,0.09017346495423652
481,163.65352284896693,0.33057766303047537,0.08972259762946533
482,268.01645512373375,0.3238267403697863,0.089273984641318
483,309.8318515658542,0.3078227623478397,0.0888276147181114
484,48.35796185997725,0.32381404319463614,0.08838347664452084
485,250.13738960354763,0.3231462374321352,0.08794155926129824
486,271.74559305070665,0.32158964969673937,0.08750185146499175
487,271.087828557374,0.35915434381057476,0.08706434220766679
488,182.82681708933848,0.3419762897379696,0.08662902049662846
489,42.275027207544895,0.3444233465811302,0.08619587539414532
490,270.4896626162988,0.3378768490975232,0.08576489601717459
491,198.08710678197028,0.3339252777583897,0.08533607153708872
492,143.4767498600103,0.31704278668016195,0.08490939117940327
493,253.9871308541526,0.3363824156885171,0.08448484422350626
494,62.92099128663662,0.29815162494257613,0.08406242000238873
495,130.15941781349687,0.33033837777003644,0.08364210790237678
496,140.03890304446077,0.3345939203500748,0.0832238973628649
497,266.4724686353852,0.34480062125872957,0.08280777787605056
498,240.71992603914654,0.3493259127011125,0.08239373898667031
499,295.99347660025273,0.3623154141332792,0.08198177029173696
500,246.43278986372172,0.3329940477103898,0.08157186144027828
501,283.9410147450229,0.3740765689932681,0.0811640021330769
502,150.50539643673378,0.3369949457794428,0.08075818212241151
503,152.66197900474975,0.33838244709745047,0.08035439121179945
504,282.7817940880788,0.3356573036434049,0.07995261925574046
505,255.79583688302648,0.32263495685628885,0.07955285615946175
506,168.2258620479699,0.34061819428950546,0.07915509187866444
507,273.10663981812775,0.3492237462712626,0.07875931641927113
508,300.4402509638357,0.3171111535146294,0.07836551983717477
509,281.7612309828656,0.3183442218991166,0.07797369223798889
510,277.53160217574356,0.3354446832489348,0.07758382377679894
511,237.32195164790534,0.33016084545344965,0.07719590465791494
512,256.9724502940812,0.31162104356316567,0.07680992513462537
513,35.66172906564489,0.3165689907742269,0.07642587550895225
514,30.45674212031625,0.3639518114279455,0.07604374613140748
515,198.97014399996237,0.3391978141888976,0.07566352740075044
516,246.1007168629425,0.3250190603790375,0.07528520976374668
517,272.40789364788793,0.34559996647736696,0.07490878371492794
518,262.725776643292,0.32596455596554014,0.0745342397963533
519,228.27079101813712,0.3398682353661849,0.07416156859737154
520,16.4442419762903,0.3298521371477324,0.07379076075438468
521,192.8978681123253,0.32412436593323946,0.07342180695061275
522,278.8027801097634,0.3177173575850282,0.07305469791585968
523,11.907301080887237,0.4087927497654076,0.07268942442628039
524,257.2590867643206,0.3365400183468293,0.07232597730414898
525,275.17227067099645,0.3462639497988152,0.07196434741762824
526,49.121946340356544,0.34845461395076094,0.0716045256805401
527,47.104537737379246,0.25026865687566935,0.0712465030521374
528,50.129913915215326,0.3061084022347847,0.0708902705368767
529,310.9759645007814,0.3248859754062269,0.07053581918419231
530,278.8995669866098,0.37320844154591604,0.07018314008827135
531,30.483394560457953,0.34201598420739177,0.06983222438783
532,283.77359611776194,0.3225350764421922,0.06948306326589085
533,180.51134225577684,0.32648203458637,0.0691356479495614
534,42.79918462845549,0.35988093827768125,0.06878996970981359
535,255.8796974566115,0.3224263322546328,0.06844601986126451
536,302.00373347170057,0.34733866446283684,0.06810378976195819
537,294.40289494194985,0.3181529050597396,0.0677632708131484
538,285.2802836625021,0.3482681609501567,0.06742445445908266
539,282.31347970214,0.34102974631088345,0.06708733218678724
540,310.59619875163435,0.3296081657188201,0.0667518955258533
541,253.74471459353825,0.3114808030715845,0.06641813604822402
542,42.34447524953336,0.3536858207277827,0.0660860453679829
543,48.03653870369618,0.37946586381821407,0.06575561514114299
544,263.1436915903911,0.303534333277744,0.06542683706543727
545,279.1687508318913,0.27664782368300256,0.06509970288011008
546,59.15703768074201,0.32391851905967806,0.06477420436570952
547,-1.2180243618806372,0.3228720495420875,0.06445033334388098
548,15.580327757918539,0.32078428572416307,0.06412808167716157
549,16.265428230872814,0.3941367022400978,0.06380744126877576
550,296.31683854668825,0.37119875119266205,0.06348840406243188
551,174.69430290844016,0.3141944438107312,0.06317096204211972
552,276.5708032600887,0.33296943538247314,0.06285510723190912
553,279.0600108559033,0.30749064672876286,0.06254083169574957
554,258.7200974780796,0.3137504696638568,0.062228127537270826
555,284.9220903813228,0.2979454755975106,0.06191698689958447
556,285.3230841516421,0.33751958322265874,0.061607401965086545
557,290.3769808063181,0.3457470890776864,0.06129936495526111
558,35.144046403431986,0.28346760014090877,0.0609928681304848
559,294.6735498208544,0.3062450260914899,0.060687903789832374
560,249.54451213082032,0.30495694506518,0.06038446427088321
561,269.5023956830388,0.3498806604616655,0.06008254194952879
562,39.57876230188643,0.2956939437323146,0.05978212923978115
563,41.2265804124298,0.33986659452458406,0.05948321859358224
564,47.07296280681558,0.34349982358597136,0.05918580250061433
565,279.9443319129799,0.33159393497614886,0.058889873488111255
566,16.596691716888188,0.30115891861564975,0.058595424120670696
567,275.77376971281035,0.35821003545346847,0.05830244700006734
568,274.86546670660744,0.3449661675112208,0.058010934765067
569,267.3193172420976,0.3154193925267121,0.05772088009124167
570,304.70261058270177,0.3388189864028426,0.05743227569078546
571,286.75334836490345,0.29599143476899625,0.05714511431233153
572,286.3791367732119,0.33182730195498883,0.05685938874076987
573,263.72543208460877,0.37201730452607135,0.056575091797066025
574,280.76448547695736,0.3065154533648845,0.056292216338080694
575,301.3090894953899,0.3377456658830245,0.05601075525639029
576,281.408328585973,0.3705340227948464,0.05573070148010834
577,282.0714971751836,0.3185587176714431,0.0554520479727078
578,286.57617472388836,0.311803600332647,0.05517478773284426
579,306.2408744034052,0.35867093750326845,0.05489891379418004
580,287.87330250504795,0.313687552125926,0.05462441922520914
581,298.6676259955878,0.35517344058587635,0.0543512971290831
582,288.3033205501164,0.3323918230224788,0.05407954064343768
583,299.22859705692713,0.29178186651215565,0.05380914294022049
584,16.092501070529877,0.37435565357776107,0.05354009722551939
585,286.0418506192942,0.32354226411590653,0.05327239673939179
586,301.06453807238097,0.3209477666561015,0.053006034755694834
587,263.199898162889,0.31002471507526935,0.052741004581916356
588,303.0096065418703,0.3473611770667762,0.052477299559006776
589,279.6356095418402,0.34540982189846325,0.052214913061211746
590,289.13887404537445,0.33452643831621115,0.05195383849590569
591,285.4813557147465,0.3277711360932213,0.05169406930342616
592,274.51268534733464,0.36816007508472964,0.05143559895690903
593,281.52956015606946,0.35965043461815577,0.051178420962124486
594,266.94324305203304,0.34647558203737866,0.05092252885731386
595,25.943354577789563,0.3377572260470244,0.05066791621302729
596,262.4020309475742,0.33271575083459176,0.05041457663196215
597,268.20359027687414,0.31617973777180425,0.050162503748802344
598,-3.637231711422473,0.37292719657558043,0.049911691230058335
599,-26.39875447140018,0.3262968065217137,0.04966213277390804
600,258.27791536905227,0.3523540488384627,0.0494138221100385
601,-6.995079152331144,0.34520116679265467,0.04916675299948831
602,264.6911479412248,0.3504039509382881,0.04892091923449087
603,276.52950111446967,0.364910459586332,0.04867631463831842
604,246.09177921941108,0.3631925741986682,0.048432933065126825
605,50.506986173425474,0.3301034571346024,0.048190768399801194
606,156.21958404464195,0.3410100132152438,0.04794981455780219
607,55.52220808372829,0.3401406487105069,0.04771006548501318
608,47.54021539702916,0.32072482702611876,0.047471515157588115
609,13.309311469268394,0.3855054709402954,0.047234157581800176
610,255.47922742874385,0.3661865438134429,0.046997986793891174
611,287.2439667041759,0.3215838377509499,0.04676299685992172
612,275.3408806188056,0.3580997202808809,0.04652918187562211
613,290.9755640094371,0.35509039193726655,0.046296535966244
614,266.7006180857719,0.3517005911575315,0.046065053286412784
615,274.58188408648505,0.3991607199739484,0.04583472801998072
616,35.02490925461038,0.2589526021502156,0.045605554379880814
617,308.56172576042877,0.3418867998683812,0.04537752660798141
618,275.7128050523845,0.38807822042075746,0.0451506389749415
619,276.56279770653384,0.3361843868588228,0.044924885780066794
620,270.09931240335425,0.40310251538581515,0.04470026135116646
621,257.3566084546418,0.36000127745158383,0.04447676004441063
622,279.96866194479367,0.3685721882120129,0.04425437624418858
623,33.54915702022515,0.3948345861428387,0.04403310436296763
624,275.0113486582966,0.4616279771799231,0.043812938841152796
625,280.78659276202166,0.37645065475293654,0.04359387414694703
626,295.04713990715373,0.3865979781754666,0.043375904776212296
627,292.4679332888967,0.3286870499200459,0.043159025252331236
628,10.145733435448236,0.40074329135850784,0.04294323012606958
629,260.4990215030266,0.412755513243077,0.04272851397543923
630,-2.7584613202834447,0.3818739642422781,0.04251487140556204
631,247.57504791938447,0.3555731500451317,0.04230229704853423
632,293.9028142724222,0.33620300731330954,0.04209078556329156
633,290.9003983436744,0.3365331388128395,0.0418803316354751
634,35.10413280117427,0.478484721975806,0.041670929977297724
635,302.7523505435928,0.37803473106585445,0.04146257532741124
636,269.44091995212625,0.39732279859989594,0.04125526245077418
637,282.05091076434746,0.33487935863552293,0.04104898613852031
638,302.31882705281595,0.40091204511936596,0.04084374120782771
639,-10.501193429657476,0.3047810080109023,0.04063952250178857
640,283.1840333466606,0.3955031197758452,0.04043632488927963
641,276.9725501741199,0.3823516902380756,0.04023414326483323
642,239.29181487188742,0.41293141263205624,0.040032972548509065
643,280.2728952074212,0.406221586057553,0.03983280768576652
644,35.85577891675834,0.3257231804970148,0.03963364364733769
645,20.81901517491852,0.38278687897385383,0.039435475429100995
646,288.7216562569304,0.36857447994136533,0.03923829805195549
647,24.991817280797648,0.33806685532533354,0.03904210656169572
648,295.5754789360271,0.38261501851232715,0.03884689602888724
649,32.091282860930676,0.40649443631430704,0.0386526615487428
650,35.01642331936898,0.3996681335772718,0.03845939824099909
651,260.46675202828015,0.3799583257104342,0.03826710124979409
652,309.7978917576043,0.3591189787154092,0.038075765743545126
653,273.67463647798075,0.3622230034761177,0.0378853869148274
654,288.23052786658627,0.41004285703639726,0.03769595998025326
655,31.449251886841637,0.3810470833829263,0.03750748018035199
656,292.8733454242697,0.3649409791454673,0.037319942779450235
657,264.12067318607444,0.37309367139943134,0.037133343065552986
658,261.084582484512,0.36999085224806305,0.03694767635022522
659,241.5077816103068,0.36814644089873944,0.036762937968474095
660,309.00184297292316,0.36931146054911584,0.03657912327863173
661,295.5299302042446,0.36049934684537177,0.036396227662238566
662,257.1234070497961,0.3815302469536362,0.03621424652392737
663,262.65462352430404,0.38262166905596917,0.036033175291307735
664,297.75812872418794,0.4005582386634667,0.03585300941485119
665,270.56888407303916,0.4015050407342769,0.035673744367776934
666,144.48158742592793,0.37586589458957315,0.03549537564593805
667,272.9491647735787,0.38062794423765606,0.035317898767708356
668,228.37947061032273,0.39850016773899616,0.03514130927386981
669,239.09303417431818,0.4105609128852197,0.03496560272750046
670,273.8110246987988,0.3781102790293588,0.03479077471386296
671,269.33519876673006,0.39271245558449275,0.03461682084029365
672,4.910336356639533,0.2690097409798655,0.034443736736092176
673,192.4938005737475,0.37069852219406946,0.034271518052411715
674,266.3803908834621,0.37857922630720453,0.034100160462149656
675,249.40693345655762,0.39415744675003744,0.03392965965983891
676,260.80022893642865,0.40730315197439615,0.033760011361539714
677,7.265914944344544,0.4568631351408031,0.03359121130473201
678,254.89549993160193,0.3914465452052229,0.033423255248208356
679,282.5611714160033,0.39084851575094903,0.03325613897196732
680,70.6629244252452,0.36465152212315133,0.03308985827710748
681,282.5043689974034,0.4112481897402751,0.032924408985721944
682,38.27686557452202,0.4109228899384417,0.03275978694079333
683,271.5046656807606,0.43105629350812663,0.032595988006089364
684,260.7688785790127,0.42212031530040617,0.032433008066058915
685,277.031869119476,0.4182716842648412,0.03227084302572862
686,262.3574822212199,0.3789803939499474,0.032109488810599975
687,33.14035907679272,0.3539376800134778,0.031948941366546975
688,274.22297978101767,0.44776945147629177,0.03178919665971424
689,270.9036747308795,0.4442544417662753,0.03163025067641567
690,25.88334120183376,0.46320599155581516,0.03147209942303359
691,243.8346841411096,0.4346004091749901,0.03131473892591842
692,232.9916649242505,0.3567916780391479,0.031158165231288826
693,253.39667624782976,0.3851237943178723,0.03100237440513238
694,0.864281457329767,0.41067078984738176,0.030847362533106718
695,22.248846493984686,0.3455364071212861,0.030693125720441184
696,235.4611550316377,0.36337970530439634,0.030539660091838977
697,29.333147696823914,0.3769266515565935,0.03038696179137978
698,39.566872053626014,0.4005213110256441,0.030235026982422884
699,249.9341668504344,0.3972556980690737,0.030083851847510768
700,326.8526624971682,0.3890720190886828,0.029933432588273214
701,254.38130771548435,0.3633705773789483,0.029783765425331846
702,258.19997624882654,0.3323323665790155,0.029634846598205186
703,259.7671965057415,0.35561111264608125,0.02948667236521416
704,77.50725884274036,0.44127820402250756,0.029339239003388088
705,288.82381863743416,0.38593343207855263,0.029192542808371146
706,278.44652539363216,0.36066710216544784,0.02904658009432929
707,303.18039283000496,0.42381433868289586,0.028901347193857643
708,250.07174136199305,0.4225270645909531,0.028756840457888354
709,276.94482970025547,0.4053929107166438,0.02861305625559891
710,48.46454833105946,0.46482050167144956,0.028469990974320916
711,295.22107055661183,0.4299785328670318,0.02832764101944931
712,270.69540529221626,0.4528950398877984,0.028186002814352063
713,289.2530613380255,0.39614963517096885,0.0280450728002803
714,262.3560844444826,0.4639354730953056,0.0279048474362789
715,244.11337309670603,0.416009798221573,0.027765323199097504
716,294.6540098657042,0.4191453574533514,0.027626496583102015
717,263.8453655008207,0.3982186620605403,0.027488364100186506
718,-16.003732368255072,0.43317450930395823,0.027350922279685573
719,254.25279686293854,0.4840248552351898,0.027214167668287145
720,260.62870750837124,0.42154535457685394,0.02707809682994571
721,290.60067672091884,0.42212242450387705,0.02694270634579598
722,49.76908345650682,0.48928156083351687,0.026807992814067
723,252.44634585133642,0.4588642963496721,0.026673952849996664
724,32.32825159135564,0.49864740735467744,0.02654058308574668
725,254.77378342803425,0.4023923459185275,0.026407880170317945
726,59.51040901852488,0.4141439945414299,0.026275840769466357
727,46.22573743401907,0.3825957951180282,0.026144461565619025
728,268.8392924542918,0.41599898724012585,0.02601373925779093
729,303.89991966903324,0.4599098205542603,0.025883670561501974
730,44.56477333215071,0.44430632063863323,0.025754252208694463
731,307.928334997368,0.41893475549295545,0.02562548094765099
732,293.1259796842527,0.4602207705667875,0.025497353542912736
733,133.90747378056167,0.4376179246194661,0.02536986677519817
734,261.14806421436356,0.4618801483597893,0.02524301744132218
735,257.9693809551951,0.44421897437247193,0.025116802354115567
736,255.35945710332595,0.41542406321687686,0.024991218342344988
737,33.89558389314706,0.3757254515352438,0.024866262250633264
738,264.9115916378872,0.40500072369594936,0.024741930939380097
739,263.62064228445945,0.40652443536461513,0.024618221284683196
740,258.77539327019497,0.41892782771556647,0.02449513017825978
741,272.1617126656261,0.4227237480892135,0.02437265452736848
742,289.0077189220501,0.4435926924414813,0.024250791254731636
743,292.362557505993,0.4689615175537637,0.024129537298457977
744,243.88848717265296,0.4109149538138408,0.024008889611965685
745,257.8629084348482,0.4155454780710371,0.023888845163905856
746,275.4855805666582,0.438781919234222,0.023769400938086327
747,4.891979170739148,0.36554405550787766,0.023650553933395897
748,300.5961418497377,0.46649609155093247,0.023532301163728918
749,285.1822085769661,0.41997885031671056,0.023414639657910272
750,286.14687271591265,0.441002739226842,0.023297566459620722
751,267.99343262565856,0.4316597213364092,0.023181078627322618
752,234.8657961042859,0.4211139199587534,0.023065173234186005
753,277.86591049533916,0.48982521358411757,0.022949847368015076
754,257.3584002089528,0.4043665427182402,0.022835098131175
755,55.055729260791935,0.45159247155125076,0.022720922640519125
756,276.8924204550708,0.49981402228885924,0.02260731802731653
757,257.3669492629098,0.48233676370142436,0.022494281437179946
758,297.3544066702055,0.4523861153926759,0.022381810029994047
759,305.83674637228756,0.42076492914929986,0.022269900979844076
760,36.177564272412866,0.4161008461028017,0.022158551474944856
761,299.7595241147828,0.4238774597666784,0.022047758717570132
762,31.799188245836973,0.43669669487728524,0.021937519923982282
763,276.05017225072527,0.4587466186862819,0.021827832324362372
764,229.8720071970434,0.44666786332008906,0.02171869316274056
765,37.72159403514203,0.4653987082031866,0.021610099696926857
766,293.03817979476696,0.4296176811761182,0.021502049198442223
767,261.9932072052061,0.44740572967025083,0.021394538952450012
768,253.43276001837475,0.45479918353240506,0.02128756625768776
769,63.34257066245266,0.4193023136888559,0.021181128426399323
770,289.07180695612607,0.4735812678342999,0.021075222784267326
771,283.7248198155216,0.4625731989286328,0.020969846670345987
772,308.8808372434137,0.4507676510838792,0.020864997436994256
773,266.9071552065558,0.4832259939432564,0.020760672449809284
774,255.11527880022163,0.49244425309146855,0.020656869087560238
775,263.302086614937,0.4747928858441138,0.020553584742122436
776,277.3994079331755,0.5488137422480445,0.020450816818411825
777,298.95376755127495,0.5247780609176244,0.020348562734319765
778,283.9040869932687,0.4282500968562274,0.020246819920648168
779,287.6321796530938,0.4223634446161273,0.020145585821044927
780,294.6359737913621,0.4676250483071993,0.020044857891939702
781,310.1528651616441,0.5203312024123211,0.019944633602480003
782,43.088621164924916,0.4344526614238332,0.019844910434467605
783,262.22555234687366,0.44255173668874687,0.019745685882295267
784,26.796721962394273,0.48373243934474885,0.01964695745288379
785,292.094391433055,0.5123675215919936,0.01954872266561937
786,278.04258144811354,0.5224355765556926,0.019450979052291272
787,287.01642275804033,0.5153311363518883,0.019353724157029815
788,309.8543877391919,0.4707082078262731,0.019256955536244666
789,269.47776614770333,0.5313900758637421,0.019160670758563442
790,299.4168777912149,0.4780453436869256,0.019064867404770626
791,290.4755940341116,0.4343675285441066,0.018969543067746772
792,306.16489942555825,0.4798888724367574,0.018874695352408037
793,18.158456354445477,0.40632200559489745,0.018780321875645996
794,267.8677363905638,0.510389156481053,0.018686420266267767
795,266.17812970920016,0.4727458301576153,0.018592988164936427
796,282.01073279061404,0.464506823534936,0.018500023224111744
797,259.8251860931374,0.48622517928896675,0.018407523107991184
798,311.0381749822917,0.5095565002865907,0.01831548549245123
799,286.9277935239521,0.5081799893158656,0.018223908064988973
800,285.2716418591225,0.4878632976953536,0.018132788524664028
801,276.36339820916237,0.4787653676708633,0.018042124582040707
802,260.18872273881783,0.4345555257520633,0.017951913959130504
803,260.1665403066284,0.5400742906236783,0.01786215438933485
804,252.64763471411317,0.522192606628783,0.017772843617388175
805,312.66190443917117,0.4846517047386404,0.017683979399301233
806,304.4956696085537,0.5215899500030058,0.017595559502304726
807,286.12748792223186,0.5252456372841395,0.0175075817047932
808,284.1561023855543,0.5226192693610531,0.017420043796269234
809,262.7677776910975,0.5110510444774792,0.017332943577287888
810,283.4685885629422,0.4843212628050854,0.01724627885940145
811,288.6569266569383,0.5833715766581685,0.017160047465104442
812,267.12444540565014,0.5021969892586451,0.01707424722777892
813,295.8060885307467,0.4985110433901917,0.016988875991640028
814,287.7211966781266,0.5421767560694054,0.016903931611681827
815,312.98468617709045,0.45566309043378744,0.01681941195362342
816,255.4504797434057,0.53174346495988,0.016735314893855303
817,277.05662783915966,0.49963732219624274,0.016651638319386028
818,283.10704732194506,0.5160370636476229,0.0165683801277891
819,252.7922979025099,0.48344634330750985,0.016485538227150154
820,269.04615004159086,0.5083886163165936,0.0164031105360144
821,290.7841906735437,0.6068685812445788,0.01632109498333433
822,267.13793227055606,0.5243831917485863,0.016239489508417658
823,288.07456887220894,0.5256278130185345,0.01615829206087557
824,264.7137646246593,0.4853573947248957,0.01607750060057119
825,298.6292759954964,0.5674497526597212,0.015997113097568336
826,290.1364668147194,0.5256854177853048,0.015917127532080494
827,265.8991695205058,0.5922841484340408,0.01583754189442009
828,288.52699164638875,0.550083076065415,0.01575835418494799
829,288.06656394704277,0.48195411065668414,0.01567956241402325
830,283.4018289543234,0.49935728332686635,0.015601164601953134
831,254.82836524330216,0.4920418915161834,0.015523158778943369
832,305.574287964415,0.45634039403761134,0.015445542985048652
833,264.74164443300833,0.5453843879140128,0.015368315270123408
834,304.8359054445223,0.48224003848086283,0.01529147369377279
835,278.2821415463131,0.4636981455453982,0.015215016325303928
836,266.94009909841884,0.44501439132022136,0.015138941243677408
837,35.78218592464361,0.6178533363532512,0.01506324653745902
838,300.55038179495796,0.5686472348451358,0.014987930304771725
839,263.71847504139237,0.5019353220239282,0.014912990653247866
840,282.53979323351336,0.5626886982705679,0.014838425699981627
841,280.4718322139021,0.5482328773463425,0.01476423357148172
842,283.26288404525724,0.5187054643950736,0.014690412403624311
843,284.52105440270765,0.494518161506245,0.01461696034160619
844,266.5977169268382,0.4830170810064663,0.014543875539898159
845,274.71506236529575,0.4715297748867552,0.014471156162198668
846,293.83627797989845,0.5028243438449985,0.014398800381387675
847,314.42654039871275,0.5881244434769881,0.014326806379480736
848,275.47901094863624,0.47086297066637833,0.014255172347583332
849,275.65473161982925,0.5258597714230925,0.014183896485845416
850,259.1921387134157,0.5668226014422153,0.014112977003416188
851,277.19333910148356,0.5409464872258152,0.014042412118399107
852,285.6192422290337,0.5145935819694593,0.013972200057807112
853,310.0329682860431,0.481950123516614,0.013902339057518077
854,232.46403262111508,0.5202373970078967,0.013832827362230486
855,299.06823677026694,0.5218288493515165,0.013763663225419333
856,311.57381697471146,0.5420467181714819,0.013694844909292236
857,260.5007696449625,0.5344475484486167,0.013626370684745774
858,308.8367194100525,0.5195259062446635,0.013558238831322046
859,64.42313903960587,0.5487858611345291,0.013490447637165436
860,303.0800069795624,0.4957578888818346,0.013422995398979608
861,305.8951891781619,0.579376500912688,0.01335588042198471
862,311.8603978609869,0.5832458868173499,0.013289101019874787
863,301.6037966952026,0.5544992531242879,0.013222655514775413
864,296.21649354293265,0.575126827794772,0.013156542237201536
865,294.6494263584005,0.5328579678483631,0.013090759526015528
866,303.28212376550727,0.507994569429796,0.01302530572838545
867,292.0292013642556,0.5382251743511234,0.012960179199743523
868,260.34829665873315,0.556561034909168,0.012895378303744804
869,260.9802653724629,0.5178223072581893,0.01283090141222608
870,251.2576391831308,0.6274276920982326,0.012766746905164949
871,132.91666655696685,0.5551109355986118,0.012702913170639124
872,305.5759217116745,0.5204394804399747,0.012639398604785928
873,294.59889127328387,0.5687891441914771,0.012576201611761997
874,252.10079232888828,0.49293764960907754,0.012513320603703188
875,267.3624711292241,0.5797293105574904,0.012450754000684672
876,292.02967193706786,0.5897355267583434,0.012388500230681249
877,250.34440242312849,0.515493088596306,0.012326557729527843
878,280.93214840399526,0.5551408392820447,0.012264924940880204
879,298.84408352280286,0.5311072174271073,0.012203600316175803
880,301.56756091140994,0.5506876105525224,0.012142582314594924
881,286.585513377547,0.5653178360595171,0.01208186940302195
882,278.5275807774771,0.562025263035273,0.01202146005600684
883,259.7217208736698,0.6087599803572116,0.011961352755726806
884,261.4444800826094,0.5883708377971368,0.01190154599194817
885,274.1508420347974,0.5491465800607265,0.01184203826198843
886,-4.9580635070388155,0.5283866780645707,0.011782828070678488
887,282.5392121210603,0.5876919064304732,0.011723913930325095
888,287.9309455477453,0.5661569195366948,0.01166529436067347
889,276.8035628090695,0.4950152545103005,0.011606967888870102
890,300.70634694278965,0.5247828242492814,0.01154893304942575
891,13.650949220838498,0.5974172146031351,0.011491188384178622
892,285.1856953861027,0.557929480947288,0.011433732442257729
893,242.39489838078043,0.5841929088061562,0.01137656378004644
894,259.71517026966046,0.5501347900658358,0.011319680961146208
895,262.9303576093582,0.5719337392613978,0.011263082556340478
896,280.4962972261981,0.5931494000193837,0.011206767143558775
897,277.81094276769636,0.5182384689659337,0.011150733307840981
898,295.19415229750297,0.5420824642511991,0.011094979641301777
899,261.27515473612584,0.5570602889630393,0.011039504743095268
900,289.91126293579737,0.5024970649286759,0.01098430721937979
901,281.95877768139246,0.5702362464814841,0.010929385683282892
902,264.6463910052861,0.5708624050366106,0.010874738754866477
903,264.3743808494629,0.5444170750449295,0.010820365061092144
904,246.66941499459543,0.563455406486764,0.010766263235786683
905,277.33878777595146,0.566665797627398,0.01071243191960775
906,282.6235413407659,0.4850649784706282,0.010658869760009713
907,302.50115953794517,0.47906380836247353,0.010605575411209664
908,248.80956421919123,0.5223672365302167,0.010552547534153616
909,257.30341502028193,0.626131101815324,0.010499784796482848
910,292.2697997414017,0.6295867209338536,0.010447285872500434
911,280.88097545279174,0.5662608887622798,0.01039504944313793
912,245.6339837747588,0.5003643201072087,0.010343074195922241
913,249.97938906197106,0.5479060481546408,0.01029135882494263
914,313.0920519802237,0.5449860378761183,0.010239902030817916
915,266.290528877498,0.4880944918121647,0.010188702520663827
916,248.8870693838727,0.4970935351546791,0.010137759008060509
917,260.1816189939509,0.5855471722193455,0.010087070213020206
918,265.86593270771414,0.4790311291010356,0.010036634861955105
919,250.92561829726526,0.5227316470728034,0.01
920,277.0802408761347,0.5155133988459905,0.01
921,256.9270931335439,0.5863063107541902,0.01
922,296.5493928046759,0.5533952680511438,0.01
923,261.8512828437105,0.5722834570038372,0.01
924,276.3751397291909,0.5843801229745836,0.01
925,29.74752669236642,0.5371442657627471,0.01
926,270.2328386772584,0.48443021394487984,0.01
927,237.5634764263256,0.5043830639623069,0.01
928,285.98151198202436,0.5442939866420036,0.01
929,267.6750726681305,0.5653433005918156,0.01
930,245.46712762995762,0.5440371152062773,0.01
931,269.659739508131,0.5408920278452863,0.01
932,-14.444635806656393,0.5442218044272034,0.01
933,277.65460652633124,0.5753801231157412,0.01
934,266.9895306486903,0.5604645201271133,0.01
935,302.12881443574906,0.523710717292481,0.01
936,269.9414109799324,0.5528292475002152,0.01
937,307.8713486383897,0.529494845791708,0.01
938,261.3214054402621,0.5396401275863905,0.01
939,263.9740504902544,0.5965621385227713,0.01
940,284.38283696504595,0.5850460823531805,0.01
941,284.7488379059748,0.5740361283207016,0.01
942,287.5387326578789,0.5679437863381253,0.01
943,288.0952774732173,0.5267188509305318,0.01
944,259.96327233889053,0.5268910391825045,0.01
945,312.4380816682463,0.5531276911497116,0.01
946,265.0096085137029,0.5358105675460627,0.01
947,285.34001969829785,0.5322745295914368,0.01
948,289.23304151526975,0.5184493054866149,0.01
949,279.9469013390021,0.45403258183172773,0.01
950,296.94787864057446,0.4838471415619187,0.01
951,249.23203981233894,0.5448001427835677,0.01
952,279.3021507057607,0.6033183880588587,0.01
953,281.95560495925474,0.589917430192779,0.01
954,265.68544110198945,0.542419640490642,0.01
955,259.696595237899,0.5377599152323862,0.01
956,246.51451050924098,0.556884284267615,0.01
957,254.8809581144128,0.5186548791825771,0.01
958,-705.5443713019068,0.43254650531647104,0.01
959,285.0829068305215,0.5367922982636918,0.01
960,283.931825546446,0.5527380572210527,0.01
961,283.8911737120661,0.5372547625193318,0.01
962,25.475806146585086,0.5738169393605657,0.01
963,266.88541375176675,0.5210994012299038,0.01
964,69.41403943186941,0.49634055139926764,0.01
965,264.4624739006299,0.5230901490700872,0.01
966,271.90444805134626,0.5859462778033012,0.01
967,260.40705667277575,0.534031452411829,0.01
968,319.7844592601586,0.5126642713059574,0.01
969,257.33720926206445,0.5269326392946572,0.01
970,252.84863605127808,0.4932116183073639,0.01
971,295.91474491818576,0.5732999752271232,0.01
972,236.530053317096,0.5776340487312943,0.01
973,279.7218092457607,0.6122049188017845,0.01
974,31.395370368935602,0.4798517661667106,0.01
975,287.52923945408367,0.49246138935549216,0.01
976,297.07899840040113,0.5751535853845362,0.01
977,278.3618065494129,0.6090412201794019,0.01
978,311.6080131245118,0.5436640544926706,0.01
979,286.632067612264,0.5544666828723942,0.01
980,270.70423259221116,0.5279929244852796,0.01
981,274.4568446933456,0.5946411355909509,0.01
982,286.6166681891017,0.5808589142407217,0.01
983,289.94268731637123,0.5384340847914035,0.01
984,-258.3559848796118,0.6915212991562757,0.01
985,273.00173128396113,0.5508749855690317,0.01
986,279.86066535396554,0.5997896638806336,0.01
987,271.23494053752574,0.5779755219565665,0.01
988,282.17195064376915,0.5797290583574322,0.01
989,291.4162377318539,0.5257210871290177,0.01
990,301.67379638911893,0.5330817667714187,0.01
991,277.3247985882267,0.5783794897802692,0.01
992,284.4085438475307,0.5372578365302011,0.01
993,275.7379547386109,0.5498753008856014,0.01
994,284.91270072798676,0.5546885269449994,0.01
995,299.5532422828627,0.6060714498596452,0.01
996,290.92487384553317,0.5329397746892733,0.01
997,292.3772193017784,0.5767767868151791,0.01
998,294.08913648106886,0.5590792786578337,0.01
999,291.8163895414141,0.5878578786837294,0.01
1000,312.12410430440264,0.5475108093896489,0.01
1001,267.48392944422153,0.5436396167387028,0.01
1002,252.57534615717805,0.5802858048317961,0.01
1003,302.10821131131615,0.5696556683339126,0.01
1004,282.46589321398466,0.5556027547401541,0.01
1005,312.43409922081923,0.5805221241573955,0.01
1006,274.273800787705,0.5747983902692795,0.01
1007,279.234554194708,0.585648038421576,0.01
1008,273.24101925271634,0.5653280930105343,0.01
1009,311.4931306264066,0.5303206122206414,0.01
1010,292.70839882439384,0.5545802245385387,0.01
1011,234.35129917203568,0.5194173579997331,0.01
1012,304.97983018913004,0.5726669469285149,0.01
1013,45.59580552652301,0.5719741439180714,0.01
1014,289.9265106321284,0.5580863003687161,0.01
1015,274.41205947454284,0.5590739019330919,0.01
1016,271.3615496934424,0.5871276590278593,0.01
1017,291.1767781031997,0.5614750130451285,0.01
1018,265.71739184935336,0.5105524784338619,0.01
1019,278.88161768319105,0.6422246020773182,0.01
1020,53.92948781069836,0.6459234753607684,0.01
1021,33.29463198348506,0.5834950666655513,0.01
1022,255.63448634531153,0.498330704317916,0.01
1023,164.6875295693911,0.5834570910893381,0.01
1024,270.90721406663636,0.6097240628916853,0.01
1025,280.16145359700715,0.580970909215253,0.01
1026,288.89000724074924,0.5747459743688085,0.01
1027,287.0212883309483,0.49676902052537303,0.01
1028,295.4765056965507,0.5662434573430534,0.01
1029,40.310634223383545,0.5952254715065162,0.01
1030,291.2955972730176,0.5155676765421943,0.01
1031,31.666394703014305,0.5792323575332398,0.01
1032,278.66189414960184,0.6125307608650535,0.01
1033,267.29873069661255,0.5456368190546831,0.01
1034,257.24882954279985,0.5232342131417104,0.01
1035,247.44438493408722,0.6312418844168767,0.01
1036,293.6665000259183,0.5514364159248006,0.01
1037,256.3628365890498,0.5307597625953487,0.01
1038,70.23345638874619,0.5857232277399128,0.01
1039,52.92829076700707,0.5832790970673849,0.01
1040,278.2077919505582,0.6293730106994961,0.01
1041,256.13536960684746,0.6037361852195061,0.01
1042,288.1289321938905,0.54421637048397,0.01
1043,275.81935755156735,0.61286890405885,0.01
1044,252.81563999679335,0.5272694162085532,0.01
1045,295.06300910676384,0.5975870940511085,0.01
1046,252.56162102871787,0.5741447822388375,0.01
1047,295.0714404695156,0.5740298674727725,0.01
1048,246.38234826325416,0.5487450546683879,0.01
1049,251.88602545510724,0.551991901308712,0.01
1050,270.26844909221404,0.4946565702960298,0.01
1051,249.77069202674235,0.6103438609102859,0.01
1052,290.9403999583661,0.5200016342031841,0.01
1053,274.11757680065426,0.5014931631499323,0.01
1054,288.56243172411456,0.567579406687868,0.01
1055,290.04450530012446,0.49638098089591315,0.01
1056,275.8068269301674,0.5577508488251847,0.01
1057,190.29691018464368,0.5635941364985501,0.01
1058,313.4959961188706,0.5583125718786747,0.01
1059,295.9037486453029,0.717690172938653,0.01
1060,260.6583130405549,0.58724891500232,0.01
1061,45.25193752395214,0.5186030158951674,0.01
1062,238.7726666751679,0.5289175343458299,0.01
1063,280.5981288744452,0.5900190270129051,0.01
1064,274.639820721124,0.5847204695025601,0.01
1065,267.78125111587207,0.6454439388480091,0.01
1066,56.732197411202094,0.5399760776540128,0.01
1067,266.86790213858507,0.5552685342099465,0.01
1068,267.79334882867494,0.6053163083047388,0.01
1069,281.81072280717916,0.5702631557850462,0.01
1070,290.33348032126395,0.5504998379843946,0.01
1071,247.70237513238837,0.617503665633254,0.01
1072,295.85469968683196,0.5641750676209847,0.01
1073,291.46351660213656,0.5663265963643789,0.01
1074,250.98034829539284,0.5817596747371174,0.01
1075,281.6930653878822,0.6131446033345358,0.01
1076,272.7851049938371,0.5710352659639385,0.01
1077,43.03637085961083,0.5099178993366134,0.01
1078,250.3657107187662,0.5340276369937214,0.01
1079,286.1079472058017,0.5427618441574368,0.01
1080,287.5138866121548,0.6076606542119005,0.01
1081,263.96554311752186,0.5197558723589449,0.01
1082,289.39410648202266,0.5657055437288903,0.01
1083,290.9819912674786,0.5362762282413196,0.01
1084,284.6061201512045,0.5317232296694808,0.01
1085,291.0982109552597,0.5856223106754953,0.01
1086,250.31235992234073,0.5494691761831443,0.01
1087,281.8105700086154,0.5563969672026826,0.01
1088,290.76360754603195,0.5834386653755561,0.01
1089,276.0947958588346,0.5744941989147423,0.01
1090,277.69809753436647,0.5782702612674843,0.01
1091,287.8245462855489,0.5870776087045669,0.01
1092,265.3755791124205,0.6029068126547628,0.01
1093,29.350039482109622,0.6142059204479059,0.01
1094,277.50733805847017,0.5901912649109996,0.01
1095,283.5340750108196,0.5294972996094397,0.01
1096,263.4311242862789,0.6341639132059496,0.01
1097,-0.1301371031177183,0.5358165359745423,0.01
1098,300.7338555455211,0.6283324905215426,0.01
1099,278.66700536462673,0.5591204381478881,0.01
1100,65.35516828828003,0.5902117931431061,0.01
1101,80.08090512177165,0.644376974214207,0.01
1102,312.57781399574026,0.5519699815435913,0.01
1103,294.9230409880857,0.5779410026643588,0.01
1104,-233.18668665220505,0.5429877286244716,0.01
1105,48.438616815307455,0.6189654651966136,0.01
1106,289.20631443945445,0.6212409497757819,0.01
1107,277.40190159986315,0.5940096506796707,0.01
1108,262.99228711849037,0.5995727736385948,0.01
1109,273.30116548197014,0.5989624044322288,0.01
1110,254.44296176709034,0.5955483563630067,0.01
1111,260.50519911570063,0.5648877009834078,0.01
1112,289.3301210662745,0.5124407460292181,0.01
1113,255.5060209066565,0.5972322407849999,0.01
1114,-418.72400981133774,0.5607862012034439,0.01
1115,281.20186003339893,0.5960253602181508,0.01
1116,243.10816107814827,0.6234001355727067,0.01
1117,263.9431192394923,0.5585349523294044,0.01
1118,251.64336086025196,0.5177901640002217,0.01
1119,273.04859778772425,0.5927146777078726,0.01
1120,296.25455415238173,0.6189660276220718,0.01
1121,-431.65007335641974,0.5227277709082478,0.01
1122,316.60242612030976,0.5681277493990603,0.01
1123,310.80482102063314,0.565964070846088,0.01
1124,287.0979270053296,0.5798486355948544,0.01
1125,273.39543331134485,0.5555273950237283,0.01
1126,251.29119613334456,0.5933702143887847,0.01
1127,-259.004503517513,0.49784628707065914,0.01
1128,273.7958556075349,0.5027133451964138,0.01
1129,305.35836819854785,0.5951203653049246,0.01
1130,263.21498746585166,0.6328442235721038,0.01
1131,-25.929764612701263,0.582606023519623,0.01
1132,-430.65996071173385,0.5531409576015417,0.01
1133,255.4919266247335,0.6655470865016634,0.01
1134,269.1549266726864,0.5877484620896855,0.01
1135,276.77703847904354,0.5713231979337122,0.01
1136,288.18916532964283,0.49493587711969245,0.01
1137,-513.6639600107399,0.47093776015789957,0.01
1138,291.9752262240761,0.5749691602966142,0.01
1139,257.37970433082234,0.6025292127810675,0.01
1140,268.0160654187439,0.6548142599387907,0.01
1141,271.3114974599378,0.5965940817119832,0.01
1142,271.73335245522736,0.6873686294931876,0.01
1143,291.5074826817514,0.557376348868359,0.01
1144,-481.9571042871772,0.6092052736573599,0.01
1145,298.21869557601764,0.6163795637456995,0.01
1146,253.43731197410207,0.5643566160462796,0.01
1147,256.3025842622398,0.6921370001885044,0.01
1148,258.90116167186056,0.5827237214038118,0.01
1149,283.1596916037652,0.6263882840255729,0.01
1150,66.65260445327505,0.5746097397946176,0.01
1151,311.7582280533678,0.5976493427549133,0.01
1152,274.11743705056153,0.5456644949592548,0.01
1153,277.6677302270597,0.5369615040305588,0.01
1154,254.04119003154125,0.6661973976582851,0.01
1155,295.5518813053138,0.6694842967458746,0.01
1156,-132.88581092825183,0.7255822450563472,0.01
1157,252.17601219496285,0.6187210239060351,0.01
1158,306.80148307646596,0.6539170327511701,0.01
1159,292.40199902937445,0.6111466327928147,0.01
1160,272.46229803492565,0.6292833427750999,0.01
1161,256.1430667711501,0.6009190258974174,0.01
1162,76.97488010188118,0.5609253789095775,0.01
1163,307.7602680875508,0.7017308422768047,0.01
1164,244.39264835932738,0.6971038083747491,0.01
1165,264.0300271773016,0.5585426847672179,0.01
1166,309.32293370781895,0.559209914725958,0.01
1167,294.54849445168514,0.6004189046410223,0.01
1168,41.69849305334128,0.5532768414789484,0.01
1169,285.5399628370256,0.6174684950194433,0.01
1170,306.18034493938137,0.6891671420218279,0.01
1171,293.7770454904109,0.5722081401168919,0.01
1172,286.3752063491581,0.6672177663824176,0.01
1173,294.8765857951837,0.5519350958784344,0.01
1174,303.8195141791999,0.6775235000284429,0.01
1175,301.8463616245906,0.5715087545132209,0.01
1176,303.42182082667705,0.7352501515186194,0.01
1177,278.53696494735937,0.6360541405872657,0.01
1178,-804.4641962947989,0.5390665091743524,0.01
1179,267.5634061620874,0.7975480823382123,0.01
1180,-477.9356131963318,0.7461875301114348,0.01
1181,-221.3312053350743,0.5857700222587011,0.01
1182,291.566676196088,0.5732423605082871,0.01
1183,296.2116276022769,0.691645514050668,0.01
1184,275.4814860232216,0.6540710303853167,0.01
1185,255.33983731877163,0.650882711691886,0.01
1186,294.459496271102,0.624787510652095,0.01
1187,-418.5804421084777,0.6305474775678971,0.01
1188,278.14452393825025,0.7294681800736321,0.01
1189,275.0209997107173,0.6405234376210615,0.01
1190,303.7652516591462,0.6986721158508331,0.01
1191,275.22659549123676,0.6958451824227594,0.01
1192,301.2782383127231,0.7766722015294104,0.01
1193,276.194910382957,0.7200251496541574,0.01
1194,268.64110077177406,0.7630661155723926,0.01
1195,21.209937417841545,0.6112802739428208,0.01
1196,46.07070029993082,0.6010245885495301,0.01
1197,303.50985073979325,0.6760255689325841,0.01
1198,320.74220335984387,0.6221899481003618,0.01
1199,51.36288490718013,0.6393434068720255,0.01
1200,316.7309270183234,0.6671483077970911,0.01
